applicant_income,coapplicant_income,loan_amount,gender,married,dependents,education,self_employed,property_area,loan_amount_term,credit_history,loan_status
5849,0.0,,Male,No,0,Graduate,No,Urban,360.0,1.0,Y
4583,1508.0,128.0,Male,Yes,1,Graduate,No,Rural,360.0,1.0,N
3000,0.0,66.0,Male,Yes,0,Graduate,Yes,Urban,360.0,1.0,Y
2583,2358.0,120.0,Male,Yes,0,Not Graduate,No,Urban,360.0,1.0,Y
6000,0.0,141.0,Male,No,0,Graduate,No,Urban,360.0,1.0,Y
5417,4196.0,267.0,Male,Yes,2,Graduate,Yes,Urban,360.0,1.0,Y
2333,1516.0,95.0,Male,Yes,0,Not Graduate,No,Urban,360.0,1.0,Y
3036,2504.0,158.0,Male,Yes,3+,Graduate,No,Semiurban,360.0,0.0,N
4006,1526.0,168.0,Male,Yes,2,Graduate,No,Urban,360.0,1.0,Y
12841,10968.0,349.0,Male,Yes,1,Graduate,No,Semiurban,360.0,1.0,N
3200,700.0,70.0,Male,Yes,2,Graduate,No,Urban,360.0,1.0,Y
2500,1840.0,109.0,Male,Yes,2,Graduate,,Urban,360.0,1.0,Y
3073,8106.0,200.0,Male,Yes,2,Graduate,No,Urban,360.0,1.0,Y
1853,2840.0,114.0,Male,No,0,Graduate,No,Rural,360.0,1.0,N
1299,1086.0,17.0,Male,Yes,2,Graduate,No,Urban,120.0,1.0,Y
4950,0.0,125.0,Male,No,0,Graduate,No,Urban,360.0,1.0,Y
3596,0.0,100.0,Male,No,1,Not Graduate,No,Urban,240.0,,Y
3510,0.0,76.0,Female,No,0,Graduate,No,Urban,360.0,0.0,N
4887,0.0,133.0,Male,Yes,0,Not Graduate,No,Rural,360.0,1.0,N
2600,3500.0,115.0,Male,Yes,0,Graduate,,Urban,,1.0,Y
7660,0.0,104.0,Male,Yes,0,Not Graduate,No,Urban,360.0,0.0,N
5955,5625.0,315.0,Male,Yes,1,Graduate,No,Urban,360.0,1.0,Y
2600,1911.0,116.0,Male,Yes,0,Not Graduate,No,Semiurban,360.0,0.0,N
3365,1917.0,112.0,,Yes,2,Not Graduate,No,Rural,360.0,0.0,N
3717,2925.0,151.0,Male,Yes,1,Graduate,,Semiurban,360.0,,N
9560,0.0,191.0,Male,Yes,0,Graduate,Yes,Semiurban,360.0,1.0,Y
2799,2253.0,122.0,Male,Yes,0,Graduate,No,Semiurban,360.0,1.0,Y
4226,1040.0,110.0,Male,Yes,2,Not Graduate,No,Urban,360.0,1.0,Y
1442,0.0,35.0,Male,No,0,Not Graduate,No,Urban,360.0,1.0,N
3750,2083.0,120.0,Female,No,2,Graduate,,Semiurban,360.0,1.0,Y
4166,3369.0,201.0,Male,Yes,1,Graduate,,Urban,360.0,,N
3167,0.0,74.0,Male,No,0,Graduate,No,Urban,360.0,1.0,N
4692,0.0,106.0,Male,No,1,Graduate,Yes,Rural,360.0,1.0,N
3500,1667.0,114.0,Male,Yes,0,Graduate,No,Semiurban,360.0,1.0,Y
12500,3000.0,320.0,Male,No,3+,Graduate,No,Rural,360.0,1.0,N
2275,2067.0,,Male,Yes,0,Graduate,No,Urban,360.0,1.0,Y
1828,1330.0,100.0,Male,Yes,0,Graduate,No,Urban,,0.0,N
3667,1459.0,144.0,Female,Yes,0,Graduate,No,Semiurban,360.0,1.0,Y
4166,7210.0,184.0,Male,No,0,Graduate,No,Urban,360.0,1.0,Y
3748,1668.0,110.0,Male,No,0,Not Graduate,No,Semiurban,360.0,1.0,Y
3600,0.0,80.0,Male,No,0,Graduate,No,Urban,360.0,1.0,N
1800,1213.0,47.0,Male,No,0,Graduate,No,Urban,360.0,1.0,Y
2400,0.0,75.0,Male,Yes,0,Graduate,No,Urban,360.0,,Y
3941,2336.0,134.0,Male,Yes,0,Graduate,No,Semiurban,360.0,1.0,Y
4695,0.0,96.0,Male,Yes,0,Not Graduate,Yes,Urban,,1.0,Y
3410,0.0,88.0,Female,No,0,Graduate,No,Urban,,1.0,Y
5649,0.0,44.0,Male,Yes,1,Graduate,No,Urban,360.0,1.0,Y
5821,0.0,144.0,Male,Yes,0,Graduate,No,Urban,360.0,1.0,Y
2645,3440.0,120.0,Female,Yes,0,Graduate,No,Urban,360.0,0.0,N
4000,2275.0,144.0,Female,No,0,Graduate,No,Semiurban,360.0,1.0,Y
1928,1644.0,100.0,Female,Yes,0,Not Graduate,No,Semiurban,360.0,1.0,Y
3086,0.0,120.0,Female,No,0,Graduate,No,Semiurban,360.0,1.0,Y
4230,0.0,112.0,Female,No,0,Graduate,No,Semiurban,360.0,1.0,N
4616,0.0,134.0,Male,Yes,2,Graduate,No,Urban,360.0,1.0,N
11500,0.0,286.0,Female,Yes,1,Graduate,Yes,Urban,360.0,0.0,N
2708,1167.0,97.0,Male,Yes,2,Graduate,No,Semiurban,360.0,1.0,Y
2132,1591.0,96.0,Male,Yes,0,Graduate,No,Semiurban,360.0,1.0,Y
3366,2200.0,135.0,Male,Yes,0,Graduate,No,Rural,360.0,1.0,N
8080,2250.0,180.0,Male,Yes,1,Graduate,No,Urban,360.0,1.0,Y
3357,2859.0,144.0,Male,Yes,2,Not Graduate,No,Urban,360.0,1.0,Y
2500,3796.0,120.0,Male,Yes,0,Graduate,No,Urban,360.0,1.0,Y
3029,0.0,99.0,Male,Yes,3+,Graduate,No,Urban,360.0,1.0,Y
2609,3449.0,165.0,Male,Yes,0,Not Graduate,Yes,Rural,180.0,0.0,N
4945,0.0,,Male,Yes,1,Graduate,No,Rural,360.0,0.0,N
4166,0.0,116.0,Female,No,0,Graduate,No,Semiurban,360.0,0.0,N
5726,4595.0,258.0,Male,Yes,0,Graduate,No,Semiurban,360.0,1.0,N
3200,2254.0,126.0,Male,No,0,Not Graduate,No,Urban,180.0,0.0,N
10750,0.0,312.0,Male,Yes,1,Graduate,No,Urban,360.0,1.0,Y
7100,0.0,125.0,Male,Yes,3+,Not Graduate,Yes,Urban,60.0,1.0,Y
4300,0.0,136.0,Female,No,0,Graduate,No,Semiurban,360.0,0.0,N
3208,3066.0,172.0,Male,Yes,0,Graduate,No,Urban,360.0,1.0,Y
1875,1875.0,97.0,Male,Yes,2,Not Graduate,Yes,Semiurban,360.0,1.0,Y
3500,0.0,81.0,Male,No,0,Graduate,No,Semiurban,300.0,1.0,Y
4755,0.0,95.0,Male,Yes,3+,Not Graduate,No,Semiurban,,0.0,N
5266,1774.0,187.0,Male,Yes,3+,Graduate,Yes,Semiurban,360.0,1.0,Y
3750,0.0,113.0,Male,No,0,Graduate,No,Urban,480.0,1.0,N
3750,4750.0,176.0,Male,No,0,Graduate,No,Urban,360.0,1.0,N
1000,3022.0,110.0,Male,Yes,1,Graduate,Yes,Urban,360.0,1.0,N
3167,4000.0,180.0,Male,Yes,3+,Graduate,No,Semiurban,300.0,0.0,N
3333,2166.0,130.0,Male,Yes,3+,Not Graduate,Yes,Semiurban,360.0,,Y
3846,0.0,111.0,Female,No,0,Graduate,No,Semiurban,360.0,1.0,Y
2395,0.0,,Male,Yes,1,Graduate,Yes,Semiurban,360.0,1.0,Y
1378,1881.0,167.0,Female,Yes,2,Graduate,No,Urban,360.0,1.0,N
6000,2250.0,265.0,Male,Yes,0,Graduate,No,Semiurban,360.0,,N
3988,0.0,50.0,Male,Yes,1,Graduate,No,Urban,240.0,1.0,Y
2366,2531.0,136.0,Male,No,0,Graduate,No,Semiurban,360.0,1.0,Y
3333,2000.0,99.0,Male,Yes,2,Not Graduate,No,Semiurban,360.0,,Y
2500,2118.0,104.0,Male,Yes,0,Graduate,No,Semiurban,360.0,1.0,Y
8566,0.0,210.0,Male,No,0,Graduate,No,Urban,360.0,1.0,Y
5695,4167.0,175.0,Male,Yes,0,Graduate,No,Semiurban,360.0,1.0,Y
2958,2900.0,131.0,Male,Yes,0,Graduate,No,Semiurban,360.0,1.0,Y
6250,5654.0,188.0,Male,Yes,2,Graduate,No,Semiurban,180.0,1.0,Y
3273,1820.0,81.0,Male,Yes,2,Not Graduate,No,Urban,360.0,1.0,Y
4133,0.0,122.0,Male,No,0,Graduate,No,Semiurban,360.0,1.0,Y
3620,0.0,25.0,Male,No,0,Not Graduate,No,Semiurban,120.0,1.0,Y
6782,0.0,,Male,No,0,Graduate,,Urban,360.0,,N
2484,2302.0,137.0,Female,Yes,0,Graduate,No,Semiurban,360.0,1.0,Y
1977,997.0,50.0,Male,Yes,0,Graduate,No,Semiurban,360.0,1.0,Y
4188,0.0,115.0,Male,Yes,0,Not Graduate,No,Semiurban,180.0,1.0,Y
1759,3541.0,131.0,Male,Yes,0,Graduate,No,Semiurban,360.0,1.0,Y
4288,3263.0,133.0,Male,Yes,2,Not Graduate,No,Urban,180.0,1.0,Y
4843,3806.0,151.0,Male,No,0,Graduate,No,Semiurban,360.0,1.0,Y
13650,0.0,,Male,Yes,,Graduate,No,Urban,360.0,1.0,Y
4652,3583.0,,Male,Yes,0,Graduate,No,Semiurban,360.0,1.0,Y
3816,754.0,160.0,Male,,,Graduate,No,Urban,360.0,1.0,Y
3052,1030.0,100.0,Male,Yes,1,Graduate,No,Urban,360.0,1.0,Y
11417,1126.0,225.0,Male,Yes,2,Graduate,No,Urban,360.0,1.0,Y
7333,0.0,120.0,Male,No,0,Not Graduate,,Rural,360.0,1.0,N
3800,3600.0,216.0,Male,Yes,2,Graduate,No,Urban,360.0,0.0,N
2071,754.0,94.0,Male,Yes,3+,Not Graduate,No,Semiurban,480.0,1.0,Y
5316,0.0,136.0,Male,No,0,Graduate,No,Urban,360.0,1.0,Y
2929,2333.0,139.0,Female,Yes,0,Graduate,,Semiurban,360.0,1.0,Y
3572,4114.0,152.0,Male,Yes,0,Not Graduate,No,Rural,,0.0,N
7451,0.0,,Female,No,1,Graduate,Yes,Semiurban,360.0,1.0,Y
5050,0.0,118.0,Male,No,0,Graduate,,Semiurban,360.0,1.0,Y
14583,0.0,185.0,Male,Yes,1,Graduate,No,Rural,180.0,1.0,Y
3167,2283.0,154.0,Female,Yes,0,Graduate,No,Semiurban,360.0,1.0,Y
2214,1398.0,85.0,Male,Yes,1,Graduate,No,Urban,360.0,,Y
5568,2142.0,175.0,Male,Yes,0,Graduate,No,Rural,360.0,1.0,N
10408,0.0,259.0,Female,No,0,Graduate,No,Urban,360.0,1.0,Y
5667,2667.0,180.0,Male,Yes,,Graduate,No,Rural,360.0,1.0,Y
4166,0.0,44.0,Female,No,0,Graduate,No,Semiurban,360.0,1.0,Y
2137,8980.0,137.0,Female,No,0,Graduate,No,Semiurban,360.0,0.0,Y
2957,0.0,81.0,Male,Yes,2,Graduate,No,Semiurban,360.0,1.0,Y
4300,2014.0,194.0,Male,Yes,0,Not Graduate,No,Rural,360.0,1.0,Y
3692,0.0,93.0,Female,No,0,Graduate,No,Rural,360.0,,Y
23803,0.0,370.0,,Yes,3+,Graduate,No,Rural,360.0,1.0,Y
3865,1640.0,,Male,No,0,Graduate,No,Rural,360.0,1.0,Y
10513,3850.0,160.0,Male,Yes,1,Graduate,Yes,Urban,180.0,0.0,N
6080,2569.0,182.0,Male,Yes,0,Graduate,No,Rural,360.0,,N
20166,0.0,650.0,Male,No,0,Graduate,Yes,Urban,480.0,,Y
2014,1929.0,74.0,Male,No,0,Graduate,No,Urban,360.0,1.0,Y
2718,0.0,70.0,Male,No,0,Graduate,No,Semiurban,360.0,1.0,Y
3459,0.0,25.0,Male,Yes,0,Graduate,Yes,Semiurban,120.0,1.0,Y
4895,0.0,102.0,Male,No,0,Graduate,No,Semiurban,360.0,1.0,Y
4000,7750.0,290.0,Male,Yes,3+,Graduate,No,Semiurban,360.0,1.0,N
4583,0.0,84.0,Female,Yes,0,Graduate,No,Rural,360.0,1.0,N
3316,3500.0,88.0,Male,Yes,2,Graduate,Yes,Urban,360.0,1.0,Y
14999,0.0,242.0,Male,No,0,Graduate,No,Semiurban,360.0,0.0,N
4200,1430.0,129.0,Male,Yes,2,Not Graduate,No,Rural,360.0,1.0,N
5042,2083.0,185.0,Male,Yes,2,Graduate,No,Rural,360.0,1.0,N
5417,0.0,168.0,Male,No,0,Graduate,No,Urban,360.0,1.0,Y
6950,0.0,175.0,Male,No,0,Graduate,Yes,Semiurban,180.0,1.0,Y
2698,2034.0,122.0,Male,Yes,0,Graduate,No,Semiurban,360.0,1.0,Y
11757,0.0,187.0,Male,Yes,2,Graduate,No,Urban,180.0,1.0,Y
2330,4486.0,100.0,Female,Yes,0,Graduate,No,Semiurban,360.0,1.0,Y
14866,0.0,70.0,Female,Yes,2,Graduate,No,Urban,360.0,1.0,Y
1538,1425.0,30.0,Male,Yes,1,Graduate,No,Urban,360.0,1.0,Y
10000,1666.0,225.0,Female,No,0,Graduate,No,Rural,360.0,1.0,N
4860,830.0,125.0,Male,Yes,0,Graduate,No,Semiurban,360.0,1.0,Y
6277,0.0,118.0,Male,No,0,Graduate,No,Rural,360.0,0.0,N
2577,3750.0,152.0,Male,Yes,0,Graduate,Yes,Rural,360.0,1.0,Y
9166,0.0,244.0,Male,No,0,Graduate,No,Urban,360.0,1.0,N
2281,0.0,113.0,Male,Yes,2,Not Graduate,No,Rural,360.0,1.0,N
3254,0.0,50.0,Male,No,0,Graduate,No,Urban,360.0,1.0,Y
39999,0.0,600.0,Male,Yes,3+,Graduate,No,Semiurban,180.0,0.0,Y
6000,0.0,160.0,Male,Yes,1,Graduate,No,Rural,360.0,,Y
9538,0.0,187.0,Male,Yes,1,Graduate,No,Urban,360.0,1.0,Y
2980,2083.0,120.0,Male,No,0,Graduate,,Rural,360.0,1.0,Y
4583,5625.0,255.0,Male,Yes,0,Graduate,No,Semiurban,360.0,1.0,Y
1863,1041.0,98.0,Male,Yes,0,Not Graduate,No,Semiurban,360.0,1.0,Y
7933,0.0,275.0,Male,Yes,0,Graduate,No,Urban,360.0,1.0,N
3089,1280.0,121.0,Male,Yes,1,Graduate,No,Semiurban,360.0,0.0,N
4167,1447.0,158.0,Male,Yes,2,Graduate,No,Rural,360.0,1.0,Y
9323,0.0,75.0,Male,Yes,0,Graduate,No,Urban,180.0,1.0,Y
3707,3166.0,182.0,Male,Yes,0,Graduate,No,Rural,,1.0,Y
4583,0.0,112.0,Female,Yes,0,Graduate,No,Rural,360.0,1.0,N
2439,3333.0,129.0,Male,Yes,0,Graduate,No,Rural,360.0,1.0,Y
2237,0.0,63.0,Male,No,0,Graduate,No,Semiurban,480.0,0.0,N
8000,0.0,200.0,Male,Yes,2,Graduate,No,Semiurban,360.0,1.0,Y
1820,1769.0,95.0,Male,Yes,0,Not Graduate,,Rural,360.0,1.0,Y
51763,0.0,700.0,,Yes,3+,Graduate,No,Urban,300.0,1.0,Y
3522,0.0,81.0,Male,Yes,3+,Not Graduate,No,Rural,180.0,1.0,N
5708,5625.0,187.0,Male,Yes,0,Graduate,No,Semiurban,360.0,1.0,Y
4344,736.0,87.0,Male,Yes,0,Not Graduate,Yes,Semiurban,360.0,1.0,N
3497,1964.0,116.0,Male,Yes,0,Graduate,No,Rural,360.0,1.0,Y
2045,1619.0,101.0,Male,Yes,2,Graduate,No,Rural,360.0,1.0,Y
5516,11300.0,495.0,Male,Yes,3+,Graduate,No,Semiurban,360.0,0.0,N
3750,0.0,116.0,Male,Yes,1,Graduate,No,Semiurban,360.0,1.0,Y
2333,1451.0,102.0,Male,No,0,Not Graduate,No,Urban,480.0,0.0,N
6400,7250.0,180.0,Male,Yes,1,Graduate,No,Urban,360.0,0.0,N
1916,5063.0,67.0,Male,No,0,Graduate,No,Rural,360.0,,N
4600,0.0,73.0,Male,Yes,0,Graduate,No,Semiurban,180.0,1.0,Y
33846,0.0,260.0,Male,Yes,1,Graduate,No,Semiurban,360.0,1.0,N
3625,0.0,108.0,Female,Yes,0,Graduate,No,Semiurban,360.0,1.0,Y
39147,4750.0,120.0,Male,Yes,0,Graduate,Yes,Semiurban,360.0,1.0,Y
2178,0.0,66.0,Male,Yes,1,Graduate,Yes,Rural,300.0,0.0,N
2383,2138.0,58.0,Male,Yes,0,Graduate,No,Rural,360.0,,Y
674,5296.0,168.0,,Yes,0,Graduate,Yes,Rural,360.0,1.0,Y
9328,0.0,188.0,Male,Yes,0,Graduate,No,Rural,180.0,1.0,Y
4885,0.0,48.0,Male,No,0,Not Graduate,No,Rural,360.0,1.0,Y
12000,0.0,164.0,Male,No,0,Graduate,No,Semiurban,360.0,1.0,N
6033,0.0,160.0,Male,Yes,0,Not Graduate,No,Urban,360.0,1.0,N
3858,0.0,76.0,Male,No,0,Graduate,No,Semiurban,360.0,1.0,Y
4191,0.0,120.0,Male,No,0,Graduate,No,Rural,360.0,1.0,Y
3125,2583.0,170.0,Male,Yes,1,Graduate,No,Semiurban,360.0,1.0,N
8333,3750.0,187.0,Male,No,0,Graduate,No,Rural,360.0,1.0,Y
1907,2365.0,120.0,Female,No,0,Not Graduate,No,Urban,,1.0,Y
3416,2816.0,113.0,Female,Yes,0,Graduate,No,Semiurban,360.0,,Y
11000,0.0,83.0,Male,No,0,Graduate,Yes,Urban,360.0,1.0,N
2600,2500.0,90.0,Male,Yes,1,Not Graduate,No,Semiurban,360.0,1.0,Y
4923,0.0,166.0,Male,No,2,Graduate,No,Semiurban,360.0,0.0,Y
3992,0.0,,Male,Yes,3+,Not Graduate,No,Urban,180.0,1.0,N
3500,1083.0,135.0,Male,Yes,1,Not Graduate,No,Urban,360.0,1.0,Y
3917,0.0,124.0,Male,Yes,2,Not Graduate,No,Semiurban,360.0,1.0,Y
4408,0.0,120.0,Female,No,0,Not Graduate,No,Semiurban,360.0,1.0,Y
3244,0.0,80.0,Female,No,0,Graduate,No,Urban,360.0,1.0,Y
3975,2531.0,55.0,Male,No,0,Not Graduate,No,Rural,360.0,1.0,Y
2479,0.0,59.0,Male,No,0,Graduate,No,Urban,360.0,1.0,Y
3418,0.0,127.0,Male,No,0,Graduate,No,Semiurban,360.0,1.0,N
10000,0.0,214.0,Female,No,0,Graduate,No,Semiurban,360.0,1.0,N
3430,1250.0,128.0,Male,Yes,3+,Graduate,No,Semiurban,360.0,0.0,N
7787,0.0,240.0,Male,Yes,1,Graduate,Yes,Urban,360.0,1.0,Y
5703,0.0,130.0,Male,Yes,3+,Not Graduate,Yes,Rural,360.0,1.0,Y
3173,3021.0,137.0,Male,Yes,0,Graduate,No,Urban,360.0,1.0,Y
3850,983.0,100.0,Male,Yes,3+,Not Graduate,No,Semiurban,360.0,1.0,Y
150,1800.0,135.0,Male,Yes,0,Graduate,No,Rural,360.0,1.0,N
3727,1775.0,131.0,Male,Yes,0,Graduate,No,Semiurban,360.0,1.0,Y
5000,0.0,72.0,Male,Yes,2,Graduate,,Semiurban,360.0,0.0,N
4283,2383.0,127.0,Female,Yes,2,Graduate,No,Semiurban,360.0,,Y
2221,0.0,60.0,Male,Yes,0,Graduate,No,Urban,360.0,0.0,N
4009,1717.0,116.0,Male,Yes,2,Graduate,No,Semiurban,360.0,1.0,Y
2971,2791.0,144.0,Male,No,0,Graduate,No,Semiurban,360.0,1.0,Y
7578,1010.0,175.0,Male,Yes,0,Graduate,No,Semiurban,,1.0,Y
6250,0.0,128.0,Male,Yes,0,Graduate,No,Semiurban,360.0,1.0,Y
3250,0.0,170.0,Male,Yes,0,Graduate,No,Rural,360.0,1.0,N
4735,0.0,138.0,Male,Yes,,Not Graduate,Yes,Urban,360.0,1.0,N
6250,1695.0,210.0,Male,Yes,2,Graduate,No,Semiurban,360.0,1.0,Y
4758,0.0,158.0,Male,,,Graduate,No,Semiurban,480.0,1.0,Y
6400,0.0,200.0,Male,No,0,Graduate,Yes,Rural,360.0,1.0,Y
2491,2054.0,104.0,Male,Yes,1,Graduate,No,Semiurban,360.0,1.0,Y
3716,0.0,42.0,Male,Yes,0,Graduate,,Rural,180.0,1.0,Y
3189,2598.0,120.0,Male,No,0,Not Graduate,No,Rural,,1.0,Y
8333,0.0,280.0,Female,No,0,Graduate,No,Semiurban,360.0,1.0,Y
3155,1779.0,140.0,Male,Yes,1,Graduate,No,Semiurban,360.0,1.0,Y
5500,1260.0,170.0,Male,Yes,1,Graduate,No,Rural,360.0,1.0,Y
5746,0.0,255.0,Male,Yes,0,Graduate,,Urban,360.0,,N
3463,0.0,122.0,Female,No,0,Graduate,Yes,Urban,360.0,,Y
3812,0.0,112.0,Female,No,1,Graduate,No,Rural,360.0,1.0,Y
3315,0.0,96.0,Male,Yes,1,Graduate,No,Semiurban,360.0,1.0,Y
5819,5000.0,120.0,Male,Yes,2,Graduate,No,Rural,360.0,1.0,Y
2510,1983.0,140.0,Male,Yes,1,Not Graduate,No,Urban,180.0,1.0,N
2965,5701.0,155.0,Male,No,0,Graduate,No,Urban,60.0,1.0,Y
6250,1300.0,108.0,Male,Yes,2,Graduate,Yes,Rural,360.0,1.0,Y
3406,4417.0,123.0,Male,Yes,0,Not Graduate,No,Semiurban,360.0,1.0,Y
6050,4333.0,120.0,Male,No,0,Graduate,Yes,Urban,180.0,1.0,N
9703,0.0,112.0,Male,Yes,2,Graduate,No,Urban,360.0,1.0,Y
6608,0.0,137.0,Male,Yes,1,Not Graduate,No,Urban,180.0,1.0,Y
2882,1843.0,123.0,Male,Yes,1,Graduate,No,Semiurban,480.0,1.0,Y
1809,1868.0,90.0,Male,Yes,0,Graduate,No,Urban,360.0,1.0,Y
1668,3890.0,201.0,Male,Yes,0,Not Graduate,No,Semiurban,360.0,0.0,N
3427,0.0,138.0,Female,No,2,Graduate,No,Urban,360.0,1.0,N
2583,2167.0,104.0,Male,No,0,Not Graduate,Yes,Rural,360.0,1.0,Y
2661,7101.0,279.0,Male,Yes,1,Not Graduate,No,Semiurban,180.0,1.0,Y
16250,0.0,192.0,Male,No,0,Graduate,Yes,Urban,360.0,0.0,N
3083,0.0,255.0,Female,No,3+,Graduate,No,Rural,360.0,1.0,Y
6045,0.0,115.0,Male,No,0,Not Graduate,No,Rural,360.0,0.0,N
5250,0.0,94.0,Male,Yes,3+,Graduate,No,Urban,360.0,1.0,N
14683,2100.0,304.0,Male,Yes,0,Graduate,No,Rural,360.0,1.0,N
4931,0.0,128.0,Male,Yes,3+,Not Graduate,No,Semiurban,360.0,,N
6083,4250.0,330.0,Male,Yes,1,Graduate,No,Urban,360.0,,Y
2060,2209.0,134.0,Male,No,0,Graduate,No,Semiurban,360.0,1.0,Y
3481,0.0,155.0,Female,No,1,Graduate,No,Semiurban,36.0,1.0,N
7200,0.0,120.0,Female,No,0,Graduate,No,Rural,360.0,1.0,Y
5166,0.0,128.0,Male,No,0,Graduate,Yes,Semiurban,360.0,1.0,Y
4095,3447.0,151.0,Male,No,0,Graduate,No,Rural,360.0,1.0,Y
4708,1387.0,150.0,Male,Yes,2,Graduate,No,Semiurban,360.0,1.0,Y
4333,1811.0,160.0,Male,Yes,3+,Graduate,No,Urban,360.0,0.0,Y
3418,0.0,135.0,Female,No,0,Graduate,,Rural,360.0,1.0,N
2876,1560.0,90.0,Female,No,1,Graduate,No,Urban,360.0,1.0,Y
3237,0.0,30.0,Female,No,0,Graduate,No,Urban,360.0,1.0,Y
11146,0.0,136.0,Male,Yes,0,Graduate,No,Urban,360.0,1.0,Y
2833,1857.0,126.0,Male,No,0,Graduate,No,Rural,360.0,1.0,Y
2620,2223.0,150.0,Male,Yes,0,Graduate,No,Semiurban,360.0,1.0,Y
3900,0.0,90.0,Male,Yes,2,Graduate,No,Semiurban,360.0,1.0,Y
2750,1842.0,115.0,Male,Yes,1,Graduate,No,Semiurban,360.0,1.0,Y
3993,3274.0,207.0,Male,Yes,0,Graduate,No,Semiurban,360.0,1.0,Y
3103,1300.0,80.0,Male,Yes,0,Graduate,No,Urban,360.0,1.0,Y
14583,0.0,436.0,Male,Yes,0,Graduate,No,Semiurban,360.0,1.0,Y
4100,0.0,124.0,Female,Yes,0,Not Graduate,No,Rural,360.0,,Y
4053,2426.0,158.0,Male,No,1,Not Graduate,Yes,Urban,360.0,0.0,N
3927,800.0,112.0,Male,Yes,0,Graduate,No,Semiurban,360.0,1.0,Y
2301,985.7999878,78.0,Male,Yes,2,Graduate,No,Urban,180.0,1.0,Y
1811,1666.0,54.0,Female,No,0,Graduate,No,Urban,360.0,1.0,Y
20667,0.0,,Male,Yes,0,Graduate,No,Rural,360.0,1.0,N
3158,3053.0,89.0,Male,No,0,Graduate,No,Rural,360.0,1.0,Y
2600,1717.0,99.0,Female,No,0,Graduate,Yes,Semiurban,300.0,1.0,N
3704,2000.0,120.0,Male,Yes,0,Graduate,No,Rural,360.0,1.0,Y
4124,0.0,115.0,Female,No,0,Graduate,No,Semiurban,360.0,1.0,Y
9508,0.0,187.0,Male,No,0,Graduate,No,Rural,360.0,1.0,Y
3075,2416.0,139.0,Male,Yes,0,Graduate,No,Rural,360.0,1.0,Y
4400,0.0,127.0,Male,Yes,2,Graduate,No,Semiurban,360.0,0.0,N
3153,1560.0,134.0,Male,Yes,2,Graduate,No,Urban,360.0,1.0,Y
5417,0.0,143.0,Female,No,,Graduate,No,Urban,480.0,0.0,N
2383,3334.0,172.0,Male,Yes,0,Graduate,No,Semiurban,360.0,1.0,Y
4416,1250.0,110.0,Male,Yes,3+,Graduate,,Urban,360.0,1.0,Y
6875,0.0,200.0,Male,Yes,1,Graduate,No,Semiurban,360.0,1.0,Y
4666,0.0,135.0,Female,Yes,1,Graduate,No,Urban,360.0,1.0,Y
5000,2541.0,151.0,Female,No,0,Graduate,No,Rural,480.0,1.0,N
2014,2925.0,113.0,Male,Yes,1,Graduate,No,Urban,360.0,1.0,N
1800,2934.0,93.0,Male,Yes,0,Not Graduate,No,Urban,360.0,0.0,N
2875,1750.0,105.0,Male,Yes,,Not Graduate,No,Semiurban,360.0,1.0,Y
5000,0.0,132.0,Female,No,0,Graduate,No,Rural,360.0,1.0,Y
1625,1803.0,96.0,Male,Yes,1,Graduate,No,Urban,360.0,1.0,Y
4000,2500.0,140.0,Male,No,0,Graduate,No,Rural,360.0,1.0,Y
2000,0.0,,Male,No,0,Not Graduate,No,Urban,360.0,1.0,N
3762,1666.0,135.0,Female,No,0,Graduate,No,Rural,360.0,1.0,Y
2400,1863.0,104.0,Female,No,0,Graduate,No,Urban,360.0,0.0,N
20233,0.0,480.0,Male,No,0,Graduate,No,Rural,360.0,1.0,N
7667,0.0,185.0,Male,Yes,2,Not Graduate,No,Rural,360.0,,Y
2917,0.0,84.0,Female,No,0,Graduate,No,Semiurban,360.0,1.0,Y
2927,2405.0,111.0,Male,No,0,Not Graduate,No,Semiurban,360.0,1.0,Y
2507,0.0,56.0,Female,No,0,Graduate,No,Rural,360.0,1.0,Y
5746,0.0,144.0,Male,Yes,2,Graduate,Yes,Rural,84.0,,Y
2473,1843.0,159.0,,Yes,0,Graduate,No,Rural,360.0,1.0,N
3399,1640.0,111.0,Male,Yes,1,Not Graduate,No,Urban,180.0,1.0,Y
3717,0.0,120.0,Male,Yes,2,Graduate,No,Semiurban,360.0,1.0,Y
2058,2134.0,88.0,Male,Yes,0,Graduate,No,Urban,360.0,,Y
3541,0.0,112.0,Female,No,1,Graduate,No,Semiurban,360.0,,Y
10000,0.0,155.0,Male,Yes,1,Graduate,Yes,Rural,360.0,1.0,N
2400,2167.0,115.0,Male,Yes,0,Graduate,No,Semiurban,360.0,1.0,Y
4342,189.0,124.0,Male,Yes,3+,Graduate,No,Semiurban,360.0,1.0,Y
3601,1590.0,,Male,Yes,2,Not Graduate,No,Rural,360.0,1.0,Y
3166,2985.0,132.0,Female,No,0,Graduate,No,Rural,360.0,,Y
15000,0.0,300.0,Male,Yes,3+,Graduate,No,Rural,360.0,1.0,Y
8666,4983.0,376.0,Male,Yes,1,Graduate,Yes,Rural,360.0,0.0,N
4917,0.0,130.0,Male,No,0,Graduate,No,Rural,360.0,0.0,Y
5818,2160.0,184.0,Male,Yes,0,Graduate,Yes,Semiurban,360.0,1.0,Y
4333,2451.0,110.0,Female,Yes,0,Graduate,No,Urban,360.0,1.0,N
2500,0.0,67.0,Female,No,0,Graduate,No,Urban,360.0,1.0,Y
4384,1793.0,117.0,Male,No,1,Graduate,No,Urban,360.0,1.0,Y
2935,0.0,98.0,Male,No,0,Graduate,No,Semiurban,360.0,1.0,Y
2833,0.0,71.0,Male,No,,Graduate,No,Urban,360.0,1.0,Y
63337,0.0,490.0,Male,Yes,0,Graduate,,Urban,180.0,1.0,Y
9833,1833.0,182.0,,Yes,1,Graduate,Yes,Urban,180.0,1.0,Y
5503,4490.0,70.0,Male,Yes,,Graduate,Yes,Semiurban,,1.0,Y
5250,688.0,160.0,Male,Yes,1,Graduate,,Rural,360.0,1.0,Y
2500,4600.0,176.0,Male,Yes,2,Graduate,Yes,Rural,360.0,1.0,Y
1830,0.0,,Female,No,3+,Not Graduate,No,Urban,360.0,0.0,N
4160,0.0,71.0,Female,No,0,Graduate,No,Semiurban,360.0,1.0,Y
2647,1587.0,173.0,Male,Yes,3+,Not Graduate,No,Rural,360.0,1.0,N
2378,0.0,46.0,Female,No,0,Graduate,No,Rural,360.0,1.0,N
4554,1229.0,158.0,Male,Yes,1,Not Graduate,No,Urban,360.0,1.0,Y
3173,0.0,74.0,Male,Yes,3+,Not Graduate,No,Semiurban,360.0,1.0,Y
2583,2330.0,125.0,Male,Yes,2,Graduate,,Rural,360.0,1.0,Y
2499,2458.0,160.0,Male,Yes,0,Graduate,No,Semiurban,360.0,1.0,Y
3523,3230.0,152.0,Male,Yes,,Not Graduate,No,Rural,360.0,0.0,N
3083,2168.0,126.0,Male,Yes,2,Not Graduate,No,Urban,360.0,1.0,Y
6333,4583.0,259.0,Male,Yes,0,Graduate,No,Semiurban,360.0,,Y
2625,6250.0,187.0,Male,Yes,0,Graduate,No,Rural,360.0,1.0,Y
9083,0.0,228.0,Male,Yes,0,Graduate,No,Semiurban,360.0,1.0,Y
8750,4167.0,308.0,Male,No,0,Graduate,No,Rural,360.0,1.0,N
2666,2083.0,95.0,Male,Yes,3+,Graduate,No,Rural,360.0,1.0,Y
5500,0.0,105.0,Female,Yes,0,Graduate,Yes,Rural,360.0,0.0,N
2423,505.0,130.0,Female,Yes,0,Graduate,No,Semiurban,360.0,1.0,Y
3813,0.0,116.0,Female,No,,Graduate,No,Urban,180.0,1.0,Y
8333,3167.0,165.0,Male,Yes,2,Graduate,No,Rural,360.0,1.0,Y
3875,0.0,67.0,Male,Yes,1,Graduate,No,Urban,360.0,1.0,N
3000,1666.0,100.0,Male,Yes,0,Not Graduate,No,Urban,480.0,0.0,N
5167,3167.0,200.0,Male,Yes,3+,Graduate,No,Semiurban,360.0,1.0,Y
4723,0.0,81.0,Female,No,1,Graduate,No,Semiurban,360.0,1.0,N
5000,3667.0,236.0,Male,Yes,2,Graduate,No,Semiurban,360.0,1.0,Y
4750,2333.0,130.0,Male,Yes,0,Graduate,No,Urban,360.0,1.0,Y
3013,3033.0,95.0,Male,Yes,0,Graduate,No,Urban,300.0,,Y
6822,0.0,141.0,Male,No,0,Graduate,Yes,Rural,360.0,1.0,Y
6216,0.0,133.0,Male,No,0,Not Graduate,No,Rural,360.0,1.0,N
2500,0.0,96.0,Male,No,0,Graduate,No,Semiurban,480.0,1.0,N
5124,0.0,124.0,Male,No,0,Graduate,No,Rural,,0.0,N
6325,0.0,175.0,Male,Yes,1,Graduate,No,Semiurban,360.0,1.0,Y
19730,5266.0,570.0,Male,Yes,0,Graduate,No,Rural,360.0,1.0,N
15759,0.0,55.0,Female,No,0,Graduate,Yes,Semiurban,360.0,1.0,Y
5185,0.0,155.0,Male,Yes,2,Graduate,No,Semiurban,360.0,1.0,Y
9323,7873.0,380.0,Male,Yes,2,Graduate,Yes,Rural,300.0,1.0,Y
3062,1987.0,111.0,Male,No,1,Graduate,No,Urban,180.0,0.0,N
2764,1459.0,110.0,Female,No,0,Graduate,,Urban,360.0,1.0,Y
4817,923.0,120.0,Male,Yes,0,Graduate,No,Urban,180.0,1.0,Y
8750,4996.0,130.0,Male,Yes,3+,Graduate,No,Rural,360.0,1.0,Y
4310,0.0,130.0,Male,Yes,0,Graduate,No,Semiurban,360.0,,Y
3069,0.0,71.0,Male,No,0,Graduate,No,Urban,480.0,1.0,N
5391,0.0,130.0,Male,Yes,2,Graduate,No,Urban,360.0,1.0,Y
3333,2500.0,128.0,Male,Yes,0,Graduate,,Semiurban,360.0,1.0,Y
5941,4232.0,296.0,Male,No,0,Graduate,No,Semiurban,360.0,1.0,Y
6000,0.0,156.0,Female,No,0,Graduate,No,Urban,360.0,1.0,Y
7167,0.0,128.0,Male,No,0,Graduate,Yes,Urban,360.0,1.0,Y
4566,0.0,100.0,Male,Yes,2,Graduate,No,Urban,360.0,1.0,N
3667,0.0,113.0,Male,No,1,Graduate,,Urban,180.0,1.0,Y
2346,1600.0,132.0,Male,No,0,Not Graduate,No,Semiurban,360.0,1.0,Y
3010,3136.0,,Male,Yes,0,Not Graduate,No,Urban,360.0,0.0,N
2333,2417.0,136.0,Male,Yes,0,Graduate,No,Urban,360.0,1.0,Y
5488,0.0,125.0,Male,Yes,0,Graduate,No,Rural,360.0,1.0,Y
9167,0.0,185.0,Male,No,3+,Graduate,No,Rural,360.0,1.0,Y
9504,0.0,275.0,Male,Yes,3+,Graduate,No,Rural,360.0,1.0,Y
2583,2115.0,120.0,Male,Yes,0,Graduate,No,Urban,360.0,,Y
1993,1625.0,113.0,Male,Yes,2,Not Graduate,No,Semiurban,180.0,1.0,Y
3100,1400.0,113.0,Male,Yes,2,Graduate,No,Urban,360.0,1.0,Y
3276,484.0,135.0,Male,Yes,2,Graduate,No,Semiurban,360.0,,Y
3180,0.0,71.0,Female,No,0,Graduate,No,Urban,360.0,0.0,N
3033,1459.0,95.0,Male,Yes,0,Graduate,No,Urban,360.0,1.0,Y
3902,1666.0,109.0,Male,No,0,Not Graduate,No,Rural,360.0,1.0,Y
1500,1800.0,103.0,Female,No,0,Graduate,No,Semiurban,360.0,0.0,N
2889,0.0,45.0,Male,Yes,2,Not Graduate,No,Urban,180.0,0.0,N
2755,0.0,65.0,Male,No,0,Not Graduate,No,Rural,300.0,1.0,N
2500,20000.0,103.0,Male,No,0,Graduate,No,Semiurban,360.0,1.0,Y
1963,0.0,53.0,Female,No,0,Not Graduate,No,Semiurban,360.0,1.0,Y
7441,0.0,194.0,Female,No,0,Graduate,Yes,Rural,360.0,1.0,N
4547,0.0,115.0,Female,No,0,Graduate,No,Semiurban,360.0,1.0,Y
2167,2400.0,115.0,Male,Yes,0,Not Graduate,No,Urban,360.0,1.0,Y
2213,0.0,66.0,Female,No,0,Not Graduate,No,Rural,360.0,1.0,Y
8300,0.0,152.0,Male,Yes,1,Graduate,No,Semiurban,300.0,0.0,N
81000,0.0,360.0,Male,Yes,3+,Graduate,No,Rural,360.0,0.0,N
3867,0.0,62.0,Female,No,1,Not Graduate,Yes,Semiurban,360.0,1.0,N
6256,0.0,160.0,Male,Yes,0,Graduate,,Urban,360.0,,Y
6096,0.0,218.0,Male,Yes,0,Not Graduate,No,Rural,360.0,0.0,N
2253,2033.0,110.0,Male,Yes,0,Not Graduate,No,Rural,360.0,1.0,Y
2149,3237.0,178.0,Female,Yes,0,Not Graduate,No,Semiurban,360.0,0.0,N
2995,0.0,60.0,Female,No,0,Graduate,No,Urban,360.0,1.0,Y
2600,0.0,160.0,Female,No,1,Graduate,No,Urban,360.0,1.0,N
1600,20000.0,239.0,Male,Yes,2,Graduate,Yes,Urban,360.0,1.0,N
1025,2773.0,112.0,Male,Yes,0,Graduate,No,Rural,360.0,1.0,Y
3246,1417.0,138.0,Male,Yes,0,Graduate,No,Semiurban,360.0,1.0,Y
5829,0.0,138.0,Male,Yes,0,Graduate,No,Rural,360.0,1.0,Y
2720,0.0,80.0,Female,No,0,Not Graduate,No,Urban,,0.0,N
1820,1719.0,100.0,Male,Yes,0,Graduate,No,Urban,360.0,1.0,Y
7250,1667.0,110.0,Male,Yes,1,Graduate,No,Urban,,0.0,N
14880,0.0,96.0,Male,Yes,0,Graduate,No,Semiurban,360.0,1.0,Y
2666,4300.0,121.0,Male,Yes,0,Graduate,No,Rural,360.0,1.0,Y
4606,0.0,81.0,Female,No,1,Not Graduate,No,Rural,360.0,1.0,N
5935,0.0,133.0,Male,Yes,2,Graduate,No,Semiurban,360.0,1.0,Y
2920,16.12000084,87.0,Male,Yes,0,Graduate,No,Rural,360.0,1.0,Y
2717,0.0,60.0,Male,No,0,Not Graduate,No,Urban,180.0,1.0,Y
8624,0.0,150.0,Female,No,1,Graduate,Yes,Semiurban,360.0,1.0,Y
6500,0.0,105.0,Male,No,0,Graduate,No,Rural,360.0,0.0,N
12876,0.0,405.0,Male,No,0,Graduate,,Semiurban,360.0,1.0,Y
2425,2340.0,143.0,Male,Yes,0,Graduate,No,Semiurban,360.0,1.0,Y
3750,0.0,100.0,Male,No,0,Graduate,No,Urban,360.0,1.0,Y
10047,0.0,,Female,,,Graduate,No,Semiurban,240.0,1.0,Y
1926,1851.0,50.0,Male,No,0,Graduate,No,Semiurban,360.0,1.0,Y
2213,1125.0,,Male,Yes,0,Graduate,No,Urban,360.0,1.0,Y
10416,0.0,187.0,Male,No,0,Graduate,Yes,Urban,360.0,0.0,N
7142,0.0,138.0,Female,Yes,0,Not Graduate,Yes,Rural,360.0,1.0,Y
3660,5064.0,187.0,Male,No,0,Graduate,No,Semiurban,360.0,1.0,Y
7901,1833.0,180.0,Male,Yes,0,Graduate,No,Rural,360.0,1.0,Y
4707,1993.0,148.0,Male,No,3+,Not Graduate,No,Semiurban,360.0,1.0,Y
37719,0.0,152.0,Male,No,1,Graduate,No,Semiurban,360.0,1.0,Y
7333,8333.0,175.0,Male,Yes,0,Graduate,No,Rural,300.0,,Y
3466,1210.0,130.0,Male,Yes,1,Graduate,Yes,Rural,360.0,1.0,Y
4652,0.0,110.0,Male,Yes,2,Not Graduate,No,Rural,360.0,1.0,Y
3539,1376.0,55.0,Male,Yes,0,Graduate,,Rural,360.0,1.0,N
3340,1710.0,150.0,Male,Yes,2,Graduate,No,Rural,360.0,0.0,N
2769,1542.0,190.0,Male,No,1,Not Graduate,Yes,Semiurban,360.0,,N
2309,1255.0,125.0,Male,Yes,2,Not Graduate,No,Rural,360.0,0.0,N
1958,1456.0,60.0,Male,Yes,2,Not Graduate,No,Urban,300.0,,Y
3948,1733.0,149.0,Male,Yes,0,Graduate,No,Rural,360.0,0.0,N
2483,2466.0,90.0,Male,Yes,0,Graduate,No,Rural,180.0,0.0,Y
7085,0.0,84.0,Male,No,0,Graduate,Yes,Semiurban,360.0,1.0,Y
3859,0.0,96.0,Male,Yes,2,Graduate,No,Semiurban,360.0,1.0,Y
4301,0.0,118.0,Male,Yes,0,Graduate,No,Urban,360.0,1.0,Y
3708,2569.0,173.0,Male,Yes,0,Graduate,No,Urban,360.0,1.0,N
4354,0.0,136.0,Male,No,2,Graduate,No,Rural,360.0,1.0,Y
8334,0.0,160.0,Male,Yes,0,Graduate,No,Semiurban,360.0,1.0,N
2083,4083.0,160.0,,Yes,0,Graduate,Yes,Semiurban,360.0,,Y
7740,0.0,128.0,Male,Yes,3+,Graduate,No,Urban,180.0,1.0,Y
3015,2188.0,153.0,Male,Yes,0,Graduate,No,Rural,360.0,1.0,Y
5191,0.0,132.0,Female,No,1,Not Graduate,,Semiurban,360.0,1.0,Y
4166,0.0,98.0,Male,No,0,Graduate,No,Semiurban,360.0,0.0,N
6000,0.0,140.0,Male,No,0,Graduate,No,Rural,360.0,1.0,Y
2947,1664.0,70.0,Male,Yes,3+,Not Graduate,No,Urban,180.0,0.0,N
16692,0.0,110.0,,Yes,0,Graduate,No,Semiurban,360.0,1.0,Y
210,2917.0,98.0,Female,Yes,2,Not Graduate,,Semiurban,360.0,1.0,Y
4333,2451.0,110.0,Male,Yes,0,Graduate,No,Urban,360.0,1.0,N
3450,2079.0,162.0,Male,Yes,1,Graduate,Yes,Semiurban,360.0,1.0,Y
2653,1500.0,113.0,Male,Yes,1,Not Graduate,No,Rural,180.0,0.0,N
4691,0.0,100.0,Male,Yes,3+,Graduate,No,Semiurban,360.0,1.0,Y
2500,0.0,93.0,Female,No,0,Graduate,Yes,Urban,360.0,,Y
5532,4648.0,162.0,Male,No,2,Graduate,No,Rural,360.0,1.0,Y
16525,1014.0,150.0,Male,Yes,2,Graduate,Yes,Rural,360.0,1.0,Y
6700,1750.0,230.0,Male,Yes,2,Graduate,No,Semiurban,300.0,1.0,Y
2873,1872.0,132.0,,Yes,2,Graduate,No,Semiurban,360.0,0.0,N
16667,2250.0,86.0,Male,Yes,1,Graduate,Yes,Semiurban,360.0,1.0,Y
2947,1603.0,,Male,Yes,2,Graduate,No,Urban,360.0,1.0,N
4350,0.0,154.0,Female,No,0,Not Graduate,No,Rural,360.0,1.0,Y
3095,0.0,113.0,Male,Yes,3+,Not Graduate,No,Rural,360.0,1.0,Y
2083,3150.0,128.0,Male,Yes,0,Graduate,No,Semiurban,360.0,1.0,Y
10833,0.0,234.0,Male,Yes,0,Graduate,No,Semiurban,360.0,1.0,Y
8333,0.0,246.0,Male,Yes,2,Graduate,No,Semiurban,360.0,1.0,Y
1958,2436.0,131.0,Male,Yes,1,Not Graduate,No,Rural,360.0,1.0,Y
3547,0.0,80.0,Male,No,2,Graduate,No,Rural,360.0,0.0,N
18333,0.0,500.0,Male,Yes,1,Graduate,No,Urban,360.0,1.0,N
4583,2083.0,160.0,Male,Yes,2,Graduate,Yes,Semiurban,360.0,1.0,Y
2435,0.0,75.0,Male,No,0,Graduate,No,Urban,360.0,1.0,N
2699,2785.0,96.0,Male,No,0,Not Graduate,No,Semiurban,360.0,,Y
5333,1131.0,186.0,Male,Yes,1,Not Graduate,No,Urban,360.0,,Y
3691,0.0,110.0,Male,No,0,Not Graduate,No,Rural,360.0,1.0,Y
17263,0.0,225.0,Female,No,0,Not Graduate,Yes,Semiurban,360.0,1.0,Y
3597,2157.0,119.0,Male,Yes,0,Graduate,No,Rural,360.0,0.0,N
3326,913.0,105.0,Female,Yes,1,Graduate,No,Semiurban,84.0,1.0,Y
2600,1700.0,107.0,Male,Yes,0,Not Graduate,No,Rural,360.0,1.0,Y
4625,2857.0,111.0,Male,Yes,0,Graduate,No,Urban,12.0,,Y
2895,0.0,95.0,Male,Yes,1,Graduate,Yes,Semiurban,360.0,1.0,Y
6283,4416.0,209.0,Male,No,0,Graduate,No,Rural,360.0,0.0,N
645,3683.0,113.0,Female,No,0,Graduate,No,Rural,480.0,1.0,Y
3159,0.0,100.0,Female,No,0,Graduate,No,Semiurban,360.0,1.0,Y
4865,5624.0,208.0,Male,Yes,2,Graduate,No,Semiurban,360.0,1.0,Y
4050,5302.0,138.0,Male,Yes,1,Not Graduate,No,Rural,360.0,,N
3814,1483.0,124.0,Male,Yes,0,Not Graduate,No,Semiurban,300.0,1.0,Y
3510,4416.0,243.0,Male,Yes,2,Graduate,No,Rural,360.0,1.0,Y
20833,6667.0,480.0,Male,Yes,0,Graduate,No,Urban,360.0,,Y
3583,0.0,96.0,,No,0,Graduate,No,Urban,360.0,1.0,N
2479,3013.0,188.0,Male,Yes,0,Graduate,Yes,Urban,360.0,1.0,Y
13262,0.0,40.0,Female,No,1,Graduate,No,Urban,360.0,1.0,Y
3598,1287.0,100.0,Male,No,0,Not Graduate,No,Rural,360.0,1.0,N
6065,2004.0,250.0,Male,Yes,1,Graduate,No,Semiurban,360.0,1.0,Y
3283,2035.0,148.0,Male,Yes,2,Graduate,No,Urban,360.0,1.0,Y
2130,6666.0,70.0,Male,Yes,0,Graduate,No,Semiurban,180.0,1.0,N
5815,3666.0,311.0,Male,No,0,Graduate,No,Rural,360.0,1.0,N
3466,3428.0,150.0,Male,Yes,3+,Graduate,No,Rural,360.0,1.0,Y
2031,1632.0,113.0,Female,Yes,2,Graduate,No,Semiurban,480.0,1.0,Y
3074,1800.0,123.0,Male,Yes,,Not Graduate,No,Semiurban,360.0,0.0,N
4683,1915.0,185.0,Male,No,0,Graduate,No,Semiurban,360.0,1.0,N
3400,0.0,95.0,Female,No,0,Not Graduate,No,Rural,360.0,1.0,N
2192,1742.0,45.0,Male,Yes,2,Not Graduate,No,Semiurban,360.0,1.0,Y
2500,0.0,55.0,Male,No,0,Graduate,No,Semiurban,360.0,1.0,Y
5677,1424.0,100.0,Male,Yes,3+,Graduate,Yes,Rural,360.0,1.0,Y
7948,7166.0,480.0,Male,Yes,2,Graduate,Yes,Rural,360.0,1.0,Y
4680,2087.0,,Male,No,0,Graduate,No,Semiurban,360.0,1.0,N
17500,0.0,400.0,Male,Yes,2,Graduate,Yes,Rural,360.0,1.0,Y
3775,0.0,110.0,Male,Yes,0,Graduate,No,Semiurban,360.0,1.0,Y
5285,1430.0,161.0,Male,Yes,1,Not Graduate,No,Semiurban,360.0,0.0,Y
2679,1302.0,94.0,Male,No,1,Not Graduate,No,Semiurban,360.0,1.0,Y
6783,0.0,130.0,Male,No,0,Not Graduate,No,Semiurban,360.0,1.0,Y
1025,5500.0,216.0,Male,Yes,0,Graduate,No,Rural,360.0,,Y
4281,0.0,100.0,Male,Yes,3+,Graduate,No,Urban,360.0,1.0,Y
3588,0.0,110.0,Male,No,2,Graduate,No,Rural,360.0,0.0,N
11250,0.0,196.0,Male,No,1,Graduate,No,Semiurban,360.0,,N
18165,0.0,125.0,Female,No,0,Not Graduate,Yes,Urban,360.0,1.0,Y
2550,2042.0,126.0,Male,No,0,Not Graduate,,Rural,360.0,1.0,Y
6133,3906.0,324.0,Male,Yes,0,Graduate,No,Urban,360.0,1.0,Y
3617,0.0,107.0,Male,No,2,Graduate,No,Semiurban,360.0,1.0,Y
2917,536.0,66.0,Male,Yes,0,Not Graduate,No,Rural,360.0,1.0,N
6417,0.0,157.0,Male,Yes,3+,Graduate,No,Rural,180.0,1.0,Y
4608,2845.0,140.0,Female,Yes,1,Graduate,No,Semiurban,180.0,1.0,Y
2138,0.0,99.0,Female,No,0,Graduate,No,Semiurban,360.0,0.0,N
3652,0.0,95.0,Female,No,1,Graduate,,Semiurban,360.0,1.0,Y
2239,2524.0,128.0,Male,Yes,1,Not Graduate,No,Urban,360.0,1.0,Y
3017,663.0,102.0,Female,Yes,0,Not Graduate,No,Semiurban,360.0,,Y
2768,1950.0,155.0,Male,Yes,0,Graduate,No,Rural,360.0,1.0,Y
3358,0.0,80.0,Male,No,0,Not Graduate,No,Semiurban,36.0,1.0,N
2526,1783.0,145.0,Male,No,0,Graduate,No,Rural,360.0,1.0,Y
5000,0.0,103.0,Female,No,0,Graduate,No,Semiurban,360.0,0.0,N
2785,2016.0,110.0,Male,Yes,0,Graduate,No,Rural,360.0,1.0,Y
6633,0.0,,Male,Yes,2,Graduate,Yes,Rural,360.0,0.0,N
2492,2375.0,,Male,Yes,1,Not Graduate,No,Rural,360.0,1.0,Y
3333,3250.0,158.0,Male,Yes,1,Graduate,No,Urban,360.0,1.0,Y
2454,2333.0,181.0,Male,Yes,0,Not Graduate,No,Urban,360.0,0.0,N
3593,4266.0,132.0,Male,Yes,0,Graduate,No,Rural,180.0,0.0,N
5468,1032.0,26.0,Male,Yes,1,Graduate,No,Semiurban,360.0,1.0,Y
2667,1625.0,84.0,Female,No,0,Graduate,No,Urban,360.0,,Y
10139,0.0,260.0,Male,Yes,3+,Graduate,Yes,Semiurban,360.0,1.0,Y
3887,2669.0,162.0,Male,Yes,0,Graduate,No,Semiurban,360.0,1.0,Y
4180,2306.0,182.0,Female,Yes,0,Graduate,No,Semiurban,360.0,1.0,Y
3675,242.0,108.0,Male,Yes,2,Not Graduate,No,Semiurban,360.0,1.0,Y
19484,0.0,600.0,Female,Yes,1,Graduate,Yes,Semiurban,360.0,1.0,Y
5923,2054.0,211.0,Male,Yes,0,Graduate,No,Rural,360.0,1.0,Y
5800,0.0,132.0,Male,No,0,Not Graduate,Yes,Semiurban,360.0,1.0,Y
8799,0.0,258.0,Male,Yes,2,Graduate,No,Urban,360.0,0.0,N
4467,0.0,120.0,Male,Yes,0,Not Graduate,No,Rural,360.0,,Y
3333,0.0,70.0,Male,No,0,Graduate,No,Urban,360.0,1.0,Y
3400,2500.0,123.0,Male,Yes,3+,Graduate,No,Rural,360.0,0.0,N
2378,0.0,9.0,Female,No,0,Graduate,No,Urban,360.0,1.0,N
3166,2064.0,104.0,Male,Yes,0,Graduate,No,Urban,360.0,0.0,N
3417,1750.0,186.0,Male,Yes,1,Graduate,No,Urban,360.0,1.0,Y
5116,1451.0,165.0,Male,Yes,,Graduate,No,Urban,360.0,0.0,N
16666,0.0,275.0,Male,Yes,2,Graduate,No,Urban,360.0,1.0,Y
6125,1625.0,187.0,Male,Yes,2,Not Graduate,No,Semiurban,480.0,1.0,N
6406,0.0,150.0,Male,Yes,3+,Graduate,No,Semiurban,360.0,1.0,N
3159,461.0,108.0,Male,Yes,2,Graduate,No,Urban,84.0,1.0,Y
3087,2210.0,136.0,,Yes,0,Graduate,No,Semiurban,360.0,0.0,N
3229,2739.0,110.0,Male,No,0,Graduate,No,Urban,360.0,1.0,Y
1782,2232.0,107.0,Male,Yes,1,Graduate,No,Rural,360.0,1.0,Y
3182,2917.0,161.0,Male,No,0,Graduate,,Urban,360.0,1.0,Y
6540,0.0,205.0,Male,Yes,2,Graduate,No,Semiurban,360.0,1.0,Y
1836,33837.0,90.0,Male,No,0,Graduate,No,Urban,360.0,1.0,N
3166,0.0,36.0,Female,Yes,0,Graduate,No,Semiurban,360.0,1.0,Y
1880,0.0,61.0,Male,Yes,1,Graduate,No,Rural,360.0,,N
2787,1917.0,146.0,Male,Yes,1,Graduate,No,Rural,360.0,0.0,N
4283,3000.0,172.0,Male,Yes,1,Graduate,No,Rural,84.0,1.0,N
2297,1522.0,104.0,Male,Yes,0,Graduate,No,Urban,360.0,1.0,Y
2165,0.0,70.0,Female,No,0,Not Graduate,No,Semiurban,360.0,1.0,Y
4750,0.0,94.0,,No,0,Graduate,No,Semiurban,360.0,1.0,Y
2726,0.0,106.0,Male,Yes,2,Graduate,Yes,Semiurban,360.0,0.0,N
3000,3416.0,56.0,Male,Yes,0,Graduate,No,Semiurban,180.0,1.0,Y
6000,0.0,205.0,Male,Yes,2,Graduate,Yes,Semiurban,240.0,1.0,N
9357,0.0,292.0,,No,3+,Graduate,Yes,Semiurban,360.0,1.0,Y
3859,3300.0,142.0,Male,Yes,0,Graduate,No,Rural,180.0,1.0,Y
16120,0.0,260.0,Male,Yes,0,Graduate,Yes,Urban,360.0,1.0,Y
3833,0.0,110.0,Male,No,0,Not Graduate,No,Rural,360.0,1.0,Y
6383,1000.0,187.0,Male,Yes,2,Not Graduate,Yes,Rural,360.0,1.0,N
2987,0.0,88.0,Male,No,,Graduate,No,Semiurban,360.0,0.0,N
9963,0.0,180.0,Male,Yes,0,Graduate,Yes,Rural,360.0,1.0,Y
5780,0.0,192.0,Male,Yes,2,Graduate,No,Urban,360.0,1.0,Y
416,41667.0,350.0,Female,No,3+,Graduate,,Urban,180.0,,N
2894,2792.0,155.0,Male,Yes,0,Not Graduate,,Rural,360.0,1.0,Y
5703,0.0,128.0,Male,Yes,3+,Graduate,No,Urban,360.0,1.0,Y
3676,4301.0,172.0,Male,No,0,Graduate,No,Rural,360.0,1.0,Y
12000,0.0,496.0,Female,Yes,1,Graduate,No,Semiurban,360.0,1.0,Y
2400,3800.0,,Male,Yes,0,Not Graduate,No,Urban,180.0,1.0,N
3400,2500.0,173.0,Male,Yes,1,Graduate,No,Semiurban,360.0,1.0,Y
3987,1411.0,157.0,Male,Yes,2,Not Graduate,No,Rural,360.0,1.0,Y
3232,1950.0,108.0,Male,Yes,0,Graduate,No,Rural,360.0,1.0,Y
2900,0.0,71.0,Female,No,0,Graduate,No,Rural,360.0,1.0,Y
4106,0.0,40.0,Male,Yes,3+,Graduate,No,Rural,180.0,1.0,Y
8072,240.0,253.0,Male,Yes,1,Graduate,No,Urban,360.0,1.0,Y
7583,0.0,187.0,Male,Yes,2,Graduate,No,Urban,360.0,1.0,Y
4583,0.0,133.0,Female,No,0,Graduate,Yes,Semiurban,360.0,0.0,N
